path,kind,extension,bytes,sha256,dimensions_or_filetype,content_type,url
assets/OPM_Links/StructuralAgg.png,asset_reference_fallback,png,54181,96c4b685636d2af7127284150a523f8f8435c037042e8af89c3adfccfd3a8b12,"HTML document text, ASCII text, with very long lines (48780), with CRLF line terminators",text/html; charset=utf-8,https://opcloud-sandbox.web.app/assets/OPM_Links/StructuralAgg.png
assets/SVG/CSVoff.svg,graphic_asset,svg,2699,c2ab76d04c38451efc2451e37f91cdb2d2510e29f91ed075013f315fe51da4dd,viewBox 0 0 37 36,image/svg+xml,https://opcloud-sandbox.web.app/assets/SVG/CSVoff.svg
assets/SVG/CSVon.svg,graphic_asset,svg,2605,298e5ffa5f4c5abe76faa9f6ad1ef0c7561f293f899310c746be6d9c59f1cb4e,viewBox 0 0 36 35,image/svg+xml,https://opcloud-sandbox.web.app/assets/SVG/CSVon.svg
assets/SVG/Condition_In_Out.svg,graphic_asset,svg,7399,38f46f3e06476fd37db44162b91c375acd2220498d27be8ccaa43f69c7170b2b,viewBox 0 0 80 50,image/svg+xml,https://opcloud-sandbox.web.app/assets/SVG/Condition_In_Out.svg
assets/SVG/Event_In_Out.svg,graphic_asset,svg,3137,844b78fb93afa37c821e7fe28644c13392a2a00a8540211ee258d24b50adb973,viewBox 0 0 80 50,image/svg+xml,https://opcloud-sandbox.web.app/assets/SVG/Event_In_Out.svg
assets/SVG/ExpressHalo.svg,graphic_asset,svg,1156,ba1585ce861c1a73423004a7774ee1344b36de2bbbc3380a09f828e9305f2df0,viewBox 0 0 41 41,image/svg+xml,https://opcloud-sandbox.web.app/assets/SVG/ExpressHalo.svg
assets/SVG/In_Out_Link_Pair.svg,graphic_asset,svg,7081,f7d837a646e6679aaeb7269b99217f15d8002bee732e1ab86e4c45ffa9adcd5b,viewBox 0 0 81 50,image/svg+xml,https://opcloud-sandbox.web.app/assets/SVG/In_Out_Link_Pair.svg
assets/SVG/Input_Link_Pair.svg,graphic_asset,svg,6852,8d478c02115fa9f39b2220971010fbefaac1dd003902578caee405960821ab37,viewBox 0 0 81 51,image/svg+xml,https://opcloud-sandbox.web.app/assets/SVG/Input_Link_Pair.svg
assets/SVG/Output_Link_pair.svg,graphic_asset,svg,6865,e5ffb3ef1323d7e3aa63ea8ce15e97b74610ef8771f9bb3f6efb625bfd71745c,viewBox 0 0 81 51,image/svg+xml,https://opcloud-sandbox.web.app/assets/SVG/Output_Link_pair.svg
assets/SVG/addConnected.svg,graphic_asset,svg,1250,d1b716b3585e761dde046042c800082d95ba4ceeaf3b0438a18219514833e81a,viewBox 0 0 41 41,image/svg+xml,https://opcloud-sandbox.web.app/assets/SVG/addConnected.svg
assets/SVG/addStates.svg,graphic_asset,svg,945,ea793222577403140efbb61fdd29d0c68e47fa5f52db616b18ebcee1838edc0e,viewBox 0 0 41 41,image/svg+xml,https://opcloud-sandbox.web.app/assets/SVG/addStates.svg
assets/SVG/arrow.svg,graphic_asset,svg,172,344f9b9e506af87276c912a9ba830d40369f031c7ff2417c340ecc8dd344fd9c,viewBox 0 0 14 9,image/svg+xml,https://opcloud-sandbox.web.app/assets/SVG/arrow.svg
assets/SVG/autosave.svg,graphic_asset,svg,2855,1ac496135a5bfb82ad73a40d33e6204e63e3fbe79904b99b845cbdd976bc76d9,viewBox 0 0 38 45,image/svg+xml,https://opcloud-sandbox.web.app/assets/SVG/autosave.svg
assets/SVG/computation.svg,graphic_asset,svg,751,fa700d6d2378d2c3df88fd1e549911650c32b5ab209406d4dd4882416ceb23e2,viewBox 0 0 40 40,image/svg+xml,https://opcloud-sandbox.web.app/assets/SVG/computation.svg
assets/SVG/currentState.svg,graphic_asset,svg,343,ac960d0f52405e002cd431136de27b0320f09a15a6bd5cacb349664bc58ed552,viewBox 0 0 18 18,image/svg+xml,https://opcloud-sandbox.web.app/assets/SVG/currentState.svg
assets/SVG/customCursor.svg,graphic_asset,svg,601,2ee24dd3a4ea887ea4065cd3cfad7611714ebee6ce3ce72ea333c156613e2cb9,viewBox 0 0 26 23,image/svg+xml,https://opcloud-sandbox.web.app/assets/SVG/customCursor.svg
assets/SVG/defaultState.svg,graphic_asset,svg,473,3cf280b2f4438d17663e575d2ee8b0c8d248ebf7d3e6fd11362e3b2c64ec1d86,viewBox 0 0 20 20,image/svg+xml,https://opcloud-sandbox.web.app/assets/SVG/defaultState.svg
assets/SVG/delete.svg,graphic_asset,svg,1284,ae9df65e24fd5389e5ca29cb61b9b218545448a446264834495b16bb22c3b9f3,viewBox 0 0 40 40,image/svg+xml,https://opcloud-sandbox.web.app/assets/SVG/delete.svg
assets/SVG/deleteFunction.svg,graphic_asset,svg,853,4bf354457e60e5c96c5e3c48f55668b2e29a59fb4c970504f54f7f3cbaab7813,viewBox 0 0 40 40,image/svg+xml,https://opcloud-sandbox.web.app/assets/SVG/deleteFunction.svg
assets/SVG/editAlias.svg,graphic_asset,svg,3838,7147b57c03d073c48e0b51ea38fb4f902ab46c3e8a9383eb97a1ade91845d565,viewBox 0 0 40 40,image/svg+xml,https://opcloud-sandbox.web.app/assets/SVG/editAlias.svg
assets/SVG/editUnits.svg,graphic_asset,svg,4025,94db415ecbdd9487353ab693e2e7a4df8bd2e844dce856928fea356c15a93eb3,viewBox 0 0 40 40,image/svg+xml,https://opcloud-sandbox.web.app/assets/SVG/editUnits.svg
assets/SVG/example.svg,graphic_asset,svg,2221,9debfab2da7eaed5ed3c45a43012f8ebfc1726f60366aa242ce8b7af0fb924f8,viewBox 0 0 38 45,image/svg+xml,https://opcloud-sandbox.web.app/assets/SVG/example.svg
assets/SVG/folder.svg,graphic_asset,svg,992,c327cb133b3a69c3ec8cf5a778771c8a95410e5ca9d2f83c8b21d5f1915f0bf7,viewBox 0 0 28 24,image/svg+xml,https://opcloud-sandbox.web.app/assets/SVG/folder.svg
assets/SVG/greenIndicator.svg,graphic_asset,svg,153,d6df07eab0dacf653e7d8adf28ec0d0612f3a2d76c428117ce874349257a73d6,viewBox 0 0 10 10,image/svg+xml,https://opcloud-sandbox.web.app/assets/SVG/greenIndicator.svg
assets/SVG/inzoom.svg,graphic_asset,svg,1011,7e369c8842c7d5c20ef630b7389c8a5a7982354122e8aaea2b3c05b0dc164a71,viewBox 0 0 40 40,image/svg+xml,https://opcloud-sandbox.web.app/assets/SVG/inzoom.svg
assets/SVG/links/procedural/agent.svg,graphic_asset,svg,412,8fe6379c54f9a97ae45c5873eb0107702f9fced0044d3386a65e3f5f6574d5f5,viewBox 0 0 80 50,image/svg+xml,https://opcloud-sandbox.web.app/assets/SVG/links/procedural/agent.svg
assets/SVG/links/procedural/agentCondition.svg,graphic_asset,svg,788,85ecaca8679c9b0adda3cc15f0449b2f6c95e2ab0d7ed88fbdc838cfcf99ff8c,viewBox 0 0 80 50,image/svg+xml,https://opcloud-sandbox.web.app/assets/SVG/links/procedural/agentCondition.svg
assets/SVG/links/procedural/agentConditionNegation.svg,graphic_asset,svg,871,a509e2413d00fcf0d0a5fb8d2a1bc44440ae712fb3c518cd15fc2d4aedf15cff,viewBox 0 0 80 50,image/svg+xml,https://opcloud-sandbox.web.app/assets/SVG/links/procedural/agentConditionNegation.svg
assets/SVG/links/procedural/agentEvent.svg,graphic_asset,svg,820,e184ad557df3d8b083c3a09d08cdc134295f4df91e4b809991046403b21119c9,viewBox 0 0 80 50,image/svg+xml,https://opcloud-sandbox.web.app/assets/SVG/links/procedural/agentEvent.svg
assets/SVG/links/procedural/agentNegation.svg,graphic_asset,svg,492,21e08ec6767a7b423cf9d898d12cbc8412be0fdd6c567d372d4e1c645acab8ce,viewBox 0 0 80 50,image/svg+xml,https://opcloud-sandbox.web.app/assets/SVG/links/procedural/agentNegation.svg
assets/SVG/links/procedural/bidirectionalRelation.svg,graphic_asset,svg,540,36df939fe18f2d4c63f526b74e694ee9c156fdfb40cc95c5c02e59223931ed1b,viewBox 0 0 80 50,image/svg+xml,https://opcloud-sandbox.web.app/assets/SVG/links/procedural/bidirectionalRelation.svg
assets/SVG/links/procedural/consumption.svg,graphic_asset,svg,524,95f796bc09866df7dc49af479bd4b4e37a65ba5a1dc85bf2742dfccf8064f2cf,viewBox 0 0 80 50,image/svg+xml,https://opcloud-sandbox.web.app/assets/SVG/links/procedural/consumption.svg
assets/SVG/links/procedural/consumptionCondition.svg,graphic_asset,svg,865,5ac03275285f727a55f737c7088109bdf6ef81a26ddf941dd290f0601a09cde6,viewBox 0 0 82 50,image/svg+xml,https://opcloud-sandbox.web.app/assets/SVG/links/procedural/consumptionCondition.svg
assets/SVG/links/procedural/consumptionConditionNegation.svg,graphic_asset,svg,948,5a0b12d3cda0aa051afc4ed19d55a64079673fd11cd7eef8c69aafdb64ca2fcd,viewBox 0 0 82 50,image/svg+xml,https://opcloud-sandbox.web.app/assets/SVG/links/procedural/consumptionConditionNegation.svg
assets/SVG/links/procedural/consumptionEvent.svg,graphic_asset,svg,899,70a4551912137222d45644a7278fc19483ede067be90b6598b95e3e119a89212,viewBox 0 0 82 50,image/svg+xml,https://opcloud-sandbox.web.app/assets/SVG/links/procedural/consumptionEvent.svg
assets/SVG/links/procedural/consumptionNegation.svg,graphic_asset,svg,606,cc2305eb2fecce35c065cce177394a5568ec6d28ccbf80055a4a799e11c7afaf,viewBox 0 0 80 50,image/svg+xml,https://opcloud-sandbox.web.app/assets/SVG/links/procedural/consumptionNegation.svg
assets/SVG/links/procedural/effect.svg,graphic_asset,svg,797,573821bccfcc29e375d4a57fd547d169ba314b803b9b2aeafe946d8deda0b36a,viewBox 0 0 80 50,image/svg+xml,https://opcloud-sandbox.web.app/assets/SVG/links/procedural/effect.svg
assets/SVG/links/procedural/effectCondition.svg,graphic_asset,svg,1182,3f6de1c1a94681e6da7c3c6ce0b49356234e968e979894b06b6484053575ab34,viewBox 0 0 80 50,image/svg+xml,https://opcloud-sandbox.web.app/assets/SVG/links/procedural/effectCondition.svg
assets/SVG/links/procedural/effectConditionNegation.svg,graphic_asset,svg,1265,228621d47a476c40f0aebfa331cb761d430fd99a60472d6921e7ba61415c66bd,viewBox 0 0 80 50,image/svg+xml,https://opcloud-sandbox.web.app/assets/SVG/links/procedural/effectConditionNegation.svg
assets/SVG/links/procedural/effectEvent.svg,graphic_asset,svg,1216,61d22107a9134708e29714e48d0ec6c3f9f51b9c21605ea3c9ac6aba3823776b,viewBox 0 0 80 50,image/svg+xml,https://opcloud-sandbox.web.app/assets/SVG/links/procedural/effectEvent.svg
assets/SVG/links/procedural/effectNegation.svg,graphic_asset,svg,886,988c2e8a97092d28743bfc3ce2c89edf46c5b817eca590bc6832e4d19bb2de07,viewBox 0 0 80 50,image/svg+xml,https://opcloud-sandbox.web.app/assets/SVG/links/procedural/effectNegation.svg
assets/SVG/links/procedural/instrument.svg,graphic_asset,svg,541,1b8993a1c1cd7d006785b4ddfc86a06e0c37727b90084b5c0581de9f35c6295f,viewBox 0 0 80 50,image/svg+xml,https://opcloud-sandbox.web.app/assets/SVG/links/procedural/instrument.svg
assets/SVG/links/procedural/instrumentCondition.svg,graphic_asset,svg,917,43d6389b8467d0b68b61511f86ff57d4161926f75e30803b18935d90c34f3211,viewBox 0 0 80 50,image/svg+xml,https://opcloud-sandbox.web.app/assets/SVG/links/procedural/instrumentCondition.svg
assets/SVG/links/procedural/instrumentConditionNegation.svg,graphic_asset,svg,1000,174caa4c926ddfcadb5e393fb2e28173ffbe1febaff35c2d0645b5f8f1eca5cb,viewBox 0 0 80 50,image/svg+xml,https://opcloud-sandbox.web.app/assets/SVG/links/procedural/instrumentConditionNegation.svg
assets/SVG/links/procedural/instrumentEvent.svg,graphic_asset,svg,951,f4196c867d39c56689bf2328eaac8c0bda932df3922c5840a6175c27eab9a0a2,viewBox 0 0 80 50,image/svg+xml,https://opcloud-sandbox.web.app/assets/SVG/links/procedural/instrumentEvent.svg
assets/SVG/links/procedural/instrumentNegation.svg,graphic_asset,svg,621,a8f1e1741a35fbc2283be6570f840ad2a0b235f5fdd8db374ab6a7d3a0ce51d0,viewBox 0 0 80 50,image/svg+xml,https://opcloud-sandbox.web.app/assets/SVG/links/procedural/instrumentNegation.svg
assets/SVG/links/procedural/invocation.svg,graphic_asset,svg,528,0ac0e6a02dd96b2b29bc00fadcfc8217718c98f4d962365c5221f66e4e430982,viewBox 0 0 80 51,image/svg+xml,https://opcloud-sandbox.web.app/assets/SVG/links/procedural/invocation.svg
assets/SVG/links/procedural/overtimeexception.svg,graphic_asset,svg,431,978a4d90b59c9166b9e333bf2a4ec53ca09dbe55db39b61f0e97dfd8b97ed1d2,viewBox 0 0 80 50,image/svg+xml,https://opcloud-sandbox.web.app/assets/SVG/links/procedural/overtimeexception.svg
assets/SVG/links/procedural/result.svg,graphic_asset,svg,531,ad6c5b0cea9d1256230dd61505104addceb4b72540eb94a466e09fa7fc83af16,viewBox 0 0 82 50,image/svg+xml,https://opcloud-sandbox.web.app/assets/SVG/links/procedural/result.svg
assets/SVG/links/procedural/underOver.svg,graphic_asset,svg,645,7e7746693882f89a7fc9b392586eaed9270d6b964c7e8cf6ab62bdf70c9f49df,viewBox 0 0 80 50,image/svg+xml,https://opcloud-sandbox.web.app/assets/SVG/links/procedural/underOver.svg
assets/SVG/links/procedural/underTime.svg,graphic_asset,svg,536,4d1a59bb97ad9db7b3fc0e181ce99e4703727e82b7265d64abed4677731ed632,viewBox 0 0 80 50,image/svg+xml,https://opcloud-sandbox.web.app/assets/SVG/links/procedural/underTime.svg
assets/SVG/links/procedural/unidirectionalRelation.svg,graphic_asset,svg,535,3d698ed87642d8adf3d492798580d40fbecf26f43a3a8f016bf8d4f12e42b3b3,viewBox 0 0 80 50,image/svg+xml,https://opcloud-sandbox.web.app/assets/SVG/links/procedural/unidirectionalRelation.svg
assets/SVG/links/structural/aggregation.svg,graphic_asset,svg,316,bb3ce98239258f34c61200b7b3ea2200368cf18536a18f4db8db5d3042f02c6a,viewBox 0 0 80 50,image/svg+xml,https://opcloud-sandbox.web.app/assets/SVG/links/structural/aggregation.svg
assets/SVG/links/structural/classification.svg,graphic_asset,svg,551,7996260f22f45ea58e1c727b8a8faed5edc55164a8518fdd2a6ade886875c71e,viewBox 0 0 80 50,image/svg+xml,https://opcloud-sandbox.web.app/assets/SVG/links/structural/classification.svg
assets/SVG/links/structural/exhibition.svg,graphic_asset,svg,400,8ff02fe8271d59f60ffd35d8406b806f99bd3244387dc8305c41ce1543783b64,viewBox 0 0 80 50,image/svg+xml,https://opcloud-sandbox.web.app/assets/SVG/links/structural/exhibition.svg
assets/SVG/links/structural/generalization.svg,graphic_asset,svg,358,296df5d3e4d32c8ab3f8ab02102568646de14ffe078716d4a54b412c6be3cdfb,viewBox 0 0 80 50,image/svg+xml,https://opcloud-sandbox.web.app/assets/SVG/links/structural/generalization.svg
assets/SVG/lock.svg,graphic_asset,svg,3257,1eb6ef81e80bf4f64154f6618e8ec09f92ba7ffd3ad0291149a3d0e32015209f,viewBox 0 0 38 45,image/svg+xml,https://opcloud-sandbox.web.app/assets/SVG/lock.svg
assets/SVG/newLogo.svg,graphic_asset,svg,4597,2153763ca512a55f8e02a42f79a7bac3c2e4cd3e1c85ec92408d6faaa61bc8b1,viewBox 0 0 1015 258,image/svg+xml,https://opcloud-sandbox.web.app/assets/SVG/newLogo.svg
assets/SVG/notesActive.svg,graphic_asset,svg,2720,e22f6878d4af8993007cf34d2cf4f239ca2213aafd659566612d05bb71b005eb,viewBox 0 0 36 36,image/svg+xml,https://opcloud-sandbox.web.app/assets/SVG/notesActive.svg
assets/SVG/notesDeactive.svg,graphic_asset,svg,2791,eaf7017181d29c9fe3be068bcdd102058f9268adb24a22d28daba78a77f9f2c9,viewBox 0 0 37 37,image/svg+xml,https://opcloud-sandbox.web.app/assets/SVG/notesDeactive.svg
assets/SVG/questionmark.svg,graphic_asset,svg,2014,a947d61f598178ac690dcd9f653c9abd66e9c2cef62f1714d46b52872e19f7b0,viewBox 0 0 496.158 496.158,image/svg+xml,https://opcloud-sandbox.web.app/assets/SVG/questionmark.svg
assets/SVG/rangeState.svg,graphic_asset,svg,505,457197540f6876ccfe3a4b1ff172bf2a57a94f463aa4d45640595b64f2b70575,viewBox 0 0 13 7,image/svg+xml,https://opcloud-sandbox.web.app/assets/SVG/rangeState.svg
assets/SVG/redx.png,graphic_asset,png,81690,e04637309c45bace2dcf4ce282e1061c6c8514af4ea48c5a27be2aef9e56697a,"PNG image data, 2048 x 2048, 8-bit/color RGBA, non-interlaced",image/png,https://opcloud-sandbox.web.app/assets/SVG/redx.png
assets/SVG/regFile.svg,graphic_asset,svg,2225,58c66173cfc8168afcfba42fcf117e7fc24dddcf1d184d4956f420760b099057,viewBox 0 0 38 46,image/svg+xml,https://opcloud-sandbox.web.app/assets/SVG/regFile.svg
assets/SVG/regFileStereotypeG.svg,graphic_asset,svg,4449,9cd05cc41f312ef4aa61c65e06fc394ac04ae5b288af57822729920844cb5a75,viewBox 0 0 37 42,image/svg+xml,https://opcloud-sandbox.web.app/assets/SVG/regFileStereotypeG.svg
assets/SVG/regFileStereotypeNonG.svg,graphic_asset,svg,1699,ac87f3f4828477a094c08a9a5e7dbb974df592f54c6ddf325540dfb0ce8caf17,viewBox 0 0 38 42,image/svg+xml,https://opcloud-sandbox.web.app/assets/SVG/regFileStereotypeNonG.svg
assets/SVG/round-checkbox.svg,graphic_asset,svg,298,bb5db4fc73cadfb6625b4e0e3bf7254599bb1b33c840f80a66f3ef4c5e3a5bb1,viewBox 0 0 36 36,image/svg+xml,https://opcloud-sandbox.web.app/assets/SVG/round-checkbox.svg
assets/SVG/sharedFolder.svg,graphic_asset,svg,994,92d7f03a1691d623c5fefab595278241165006714af047a42756936c3fc3de92,viewBox 0 0 28 24,image/svg+xml,https://opcloud-sandbox.web.app/assets/SVG/sharedFolder.svg
assets/SVG/sim.svg,graphic_asset,svg,860,d0dcdedaad39d5feb33259f2bb6ad71db91d371c036d2c3e2b019c5ece4d8fd1,viewBox 0 0 37 39,image/svg+xml,https://opcloud-sandbox.web.app/assets/SVG/sim.svg
assets/SVG/stateTypeHalo.svg,graphic_asset,svg,364,23f77b529256102030efc9ce5b5a55fdfd3b789c793bc8c409e39d87d2304886,viewBox 0 0 40 40,image/svg+xml,https://opcloud-sandbox.web.app/assets/SVG/stateTypeHalo.svg
assets/SVG/styleElement.svg,graphic_asset,svg,1348,0e5eba08f3c5ce63845e36210d41571d6f9c9cdd8c087932a4ba87c707acafa9,viewBox 0 0 40 40,image/svg+xml,https://opcloud-sandbox.web.app/assets/SVG/styleElement.svg
assets/SVG/supressHalo.svg,graphic_asset,svg,1336,9522dfc14235fcceea4f8b6cf818a6561ab24e81bd6f1d2e4128e0c336ab4d8d,viewBox 0 0 40 40,image/svg+xml,https://opcloud-sandbox.web.app/assets/SVG/supressHalo.svg
assets/SVG/template.svg,graphic_asset,svg,2207,8b5d4923beb9d2616a82915836fd84b8750949ff8bd8e2443beb72492616dfa8,viewBox 0 0 38 45,image/svg+xml,https://opcloud-sandbox.web.app/assets/SVG/template.svg
assets/SVG/timeDuration.svg,graphic_asset,svg,7152,2da3ea71550b94b1e205ba36f96f4b5345e5a639ec04a0385d5a62fbc455a70c,viewBox 0 0 40 40,image/svg+xml,https://opcloud-sandbox.web.app/assets/SVG/timeDuration.svg
assets/SVG/toolbar/modelWizard.svg,graphic_asset,svg,3743,67f34c1640014b42b77d30904e421fb9e7492fafc5f60967068c612964b9baff,viewBox 0 0 36 40,image/svg+xml,https://opcloud-sandbox.web.app/assets/SVG/toolbar/modelWizard.svg
assets/SVG/unfold.svg,graphic_asset,svg,1182,46d84193b9c1fae93f2ae5590d7bf62ae0a69334f6eb76b0828a7b654f7f7d4d,viewBox 0 0 41 41,image/svg+xml,https://opcloud-sandbox.web.app/assets/SVG/unfold.svg
assets/SVG/updateComputationalProcess.svg,graphic_asset,svg,1627,c9f8d0a25727ffac9ec58405663cfeac1b56d4e934e2a9de4dd092e9e501735a,viewBox 0 0 40 40,image/svg+xml,https://opcloud-sandbox.web.app/assets/SVG/updateComputationalProcess.svg
assets/SVG/url.svg,graphic_asset,svg,738,30b1726237fcf61b06124b0b6d52389b32889957a19ef824d13084c4f36a9ebd,viewBox 0 0 50 50,image/svg+xml,https://opcloud-sandbox.web.app/assets/SVG/url.svg
assets/SVG/verFile.svg,graphic_asset,svg,2260,617baa35fba94e31f1fbd38c1c4b8cb3922a2d21915b42192746d12fcaadac6a,viewBox 0 0 28 23,image/svg+xml,https://opcloud-sandbox.web.app/assets/SVG/verFile.svg
assets/fonts/Alegreya_Sans/AlegreyaSans-Bold.ttf,font_asset,ttf,121204,a6b42354fc79d6d973103dee8f6ae242cf97ad02b764d3e5f188e493fad03804,,font/ttf,https://opcloud-sandbox.web.app/assets/fonts/Alegreya_Sans/AlegreyaSans-Bold.ttf
assets/fonts/Alegreya_Sans/AlegreyaSans-Light.ttf,font_asset,ttf,117848,ff720fb962fa10ed21cc06ff6c617c1d2fa689ec775a0ba0abf8976d9f76798f,,font/ttf,https://opcloud-sandbox.web.app/assets/fonts/Alegreya_Sans/AlegreyaSans-Light.ttf
assets/fonts/Alegreya_Sans/AlegreyaSans-Regular.ttf,font_asset,ttf,119016,2056cd2af61bd953de29408e7f16167df25dbbcd1400ad9d3e0b7c72fab423b5,,font/ttf,https://opcloud-sandbox.web.app/assets/fonts/Alegreya_Sans/AlegreyaSans-Regular.ttf
assets/fonts/Averia_Libre/AveriaLibre-Bold.ttf,font_asset,ttf,112228,e7ccad4ace9d02acf0539101bfc9a907132a2d874ed01bd55c8910c52a24b524,,font/ttf,https://opcloud-sandbox.web.app/assets/fonts/Averia_Libre/AveriaLibre-Bold.ttf
assets/fonts/Averia_Libre/AveriaLibre-Light.ttf,font_asset,ttf,108192,579381d88569c002e6143d81140f05070c8ef65e19895a1cfb0508c0a6d7b302,,font/ttf,https://opcloud-sandbox.web.app/assets/fonts/Averia_Libre/AveriaLibre-Light.ttf
assets/fonts/Averia_Libre/AveriaLibre-Regular.ttf,font_asset,ttf,108468,7d7d55d45cb38e2a0b3c0f4de8d35a95183c35d47672d5be07a374613a17c0f6,,font/ttf,https://opcloud-sandbox.web.app/assets/fonts/Averia_Libre/AveriaLibre-Regular.ttf
assets/fonts/Roboto_Condensed/RobotoCondensed-Bold.ttf,font_asset,ttf,161748,0312269650316e083b0c6d006daef09fbb56b6d172e5c65c31e23f1c25dcd28c,,font/ttf,https://opcloud-sandbox.web.app/assets/fonts/Roboto_Condensed/RobotoCondensed-Bold.ttf
assets/fonts/Roboto_Condensed/RobotoCondensed-Light.ttf,font_asset,ttf,160748,3c8dc0ab1183367c5628994f0896958a9f42fd58f4d4d2c3b0e63ffa3beaebe1,,font/ttf,https://opcloud-sandbox.web.app/assets/fonts/Roboto_Condensed/RobotoCondensed-Light.ttf
assets/fonts/Roboto_Condensed/RobotoCondensed-Regular.ttf,font_asset,ttf,161524,d5cbe10cfb954e6d580525bd05536b21447ce29ab8a84e21da8a58b588190326,,font/ttf,https://opcloud-sandbox.web.app/assets/fonts/Roboto_Condensed/RobotoCondensed-Regular.ttf
assets/gifs/add_requirement.gif,graphic_asset,gif,234277,aadd4934e9d088e5bb1322787b22e1913aa4fb795d1b63541aba3c55db237c2b,"GIF image data, version 87a, 1280 x 720",image/gif,https://opcloud-sandbox.web.app/assets/gifs/add_requirement.gif
assets/gifs/add_states.gif,graphic_asset,gif,139014,7b69527634a85f4289b3e4e21c79ed55d2bb859d474d4405db3826ccc7509f82,"GIF image data, version 87a, 846 x 484",image/gif,https://opcloud-sandbox.web.app/assets/gifs/add_states.gif
assets/gifs/affiliation.gif,graphic_asset,gif,257518,96ec72f88959d138c06c6263f309293779faeebe42cb9ad8b593e884f08008d2,"GIF image data, version 87a, 762 x 406",image/gif,https://opcloud-sandbox.web.app/assets/gifs/affiliation.gif
assets/gifs/attach_requirement_stereotype.gif,graphic_asset,gif,443843,574494e0b3db83e2cf789eb0c40c6d0e7fe34f8f5e8a9c5ca09b55f870913fc6,"GIF image data, version 87a, 1280 x 720",image/gif,https://opcloud-sandbox.web.app/assets/gifs/attach_requirement_stereotype.gif
assets/gifs/auto_format.gif,graphic_asset,gif,607746,d742c8b525cc910bfe21d9d751a13c25e79ccf9b6b0c6fc13eb7626bc5606457,"GIF image data, version 89a, 1204 x 638",image/gif,https://opcloud-sandbox.web.app/assets/gifs/auto_format.gif
assets/gifs/bring_connected_things.gif,graphic_asset,gif,593015,93c24437cf0e05182f24f2be46c297d99d1de822ef998f108c7008a0941db99f,"GIF image data, version 87a, 1280 x 720",image/gif,https://opcloud-sandbox.web.app/assets/gifs/bring_connected_things.gif
assets/gifs/computation.gif,graphic_asset,gif,356855,1ea4731bd84c5f88e46dfc94cf9ca236283c64f4df66bc5cbbd064f27f4936e6,"GIF image data, version 87a, 660 x 426",image/gif,https://opcloud-sandbox.web.app/assets/gifs/computation.gif
assets/gifs/create_requirement_view.gif,graphic_asset,gif,1201841,0bfe109a3bbb164cc2a07121909c59261040a49fcee6156610264bbb6291f8b9,"GIF image data, version 87a, 1280 x 720",image/gif,https://opcloud-sandbox.web.app/assets/gifs/create_requirement_view.gif
assets/gifs/create_view.gif,graphic_asset,gif,2070623,b855f77e573f8c15730a4722126b4e7ad4c37f38e0d547dec181e46e442bb955,"GIF image data, version 87a, 1280 x 720",image/gif,https://opcloud-sandbox.web.app/assets/gifs/create_view.gif
assets/gifs/de_magnifying.gif,graphic_asset,gif,1430536,ae4e7bdf23f534be69430a4dde415724aa9678b4d8acad4bc7833527e2f45497,"GIF image data, version 89a, 1248 x 774",image/gif,https://opcloud-sandbox.web.app/assets/gifs/de_magnifying.gif
assets/gifs/destating.gif,graphic_asset,gif,471133,35103277ecb46fa5776bbeaba862d43740749c423f0463df3814577eee7b0073,"GIF image data, version 89a, 1210 x 754",image/gif,https://opcloud-sandbox.web.app/assets/gifs/destating.gif
assets/gifs/digital_twin.gif,graphic_asset,gif,343837,aba63ed50243c9f784bdee9ef73cfb8d8f79cc7d2db2ec4259d1e829312d1f0a,"GIF image data, version 89a, 1280 x 720",image/gif,https://opcloud-sandbox.web.app/assets/gifs/digital_twin.gif
assets/gifs/draggable_things.gif,graphic_asset,gif,1859807,71a1cae141bf8bf6ab3f4edbb57033874ad4d2b1dd3841e29ea09e0e0be6435f,"GIF image data, version 87a, 1280 x 720",image/gif,https://opcloud-sandbox.web.app/assets/gifs/draggable_things.gif
assets/gifs/essence.gif,graphic_asset,gif,206875,0a6427796526bfc7da5c498d7431cadb528f13d301affcc2701eeebff642ef1d,"GIF image data, version 87a, 764 x 398",image/gif,https://opcloud-sandbox.web.app/assets/gifs/essence.gif
assets/gifs/find_things.gif,graphic_asset,gif,891037,2af73ff76f2a2f368f750e9c0e6fe62f9d2c21d3f1ca47528fb0a586de615285,"GIF image data, version 89a, 1280 x 720",image/gif,https://opcloud-sandbox.web.app/assets/gifs/find_things.gif
assets/gifs/handle_navigator.gif,graphic_asset,gif,2928907,e7b5cfeadbd112b064976b180328e1250757b3c65185f7776d17ed1132b08cbb,"GIF image data, version 87a, 1280 x 720",image/gif,https://opcloud-sandbox.web.app/assets/gifs/handle_navigator.gif
assets/gifs/hyperlink_url.gif,graphic_asset,gif,1234795,04f8e297b3a0602aa4f71d01c2e4404d802630d01d67d1b1ad6e8ea3e6a309ae,"GIF image data, version 89a, 1280 x 720",image/gif,https://opcloud-sandbox.web.app/assets/gifs/hyperlink_url.gif
assets/gifs/in_diagram_inzoom.gif,graphic_asset,gif,1365402,f596be1f5d4091c358a945e75889086e2b710aec490033883f8a69d9ccfad3a5,"GIF image data, version 89a, 1176 x 1080",image/gif,https://opcloud-sandbox.web.app/assets/gifs/in_diagram_inzoom.gif
assets/gifs/magnify.gif,graphic_asset,gif,995012,796719a8eb5239d3553ccc031c0b2c759b842c6375da982042865380c453b1ed,"GIF image data, version 89a, 1280 x 720",image/gif,https://opcloud-sandbox.web.app/assets/gifs/magnify.gif
assets/gifs/model_chat_button.gif,graphic_asset,gif,1040670,501f1b795cbbe62cacb03e31c30eaa6fe2044796c037f61140e6465a0bdc4a58,"GIF image data, version 89a, 1114 x 764",image/gif,https://opcloud-sandbox.web.app/assets/gifs/model_chat_button.gif
assets/gifs/model_chat_handle.gif,graphic_asset,gif,1177975,7f7cf50721f2b766ca7a69302d01893d06cfe6c686eabfa5a20615f904a6fb6e,"GIF image data, version 87a, 1056 x 646",image/gif,https://opcloud-sandbox.web.app/assets/gifs/model_chat_handle.gif
assets/gifs/opd_tree_menu.gif,graphic_asset,gif,1524155,e7e48e330b310bcaa2dd3b0a73a020358ed8ff465f57f9b9dd3261444a0020f3,"GIF image data, version 87a, 1136 x 616",image/gif,https://opcloud-sandbox.web.app/assets/gifs/opd_tree_menu.gif
assets/gifs/opl_pane.gif,graphic_asset,gif,4726376,18482ae70a65ed6414c515e5fc6e169d3f4f429decfc3dc710f9d8b36db1c8c9,"GIF image data, version 87a, 1280 x 720",image/gif,https://opcloud-sandbox.web.app/assets/gifs/opl_pane.gif
assets/gifs/remove_time_duration.gif,graphic_asset,gif,144270,24f117514ba9f3c208c9f209120f9e204b426325b1aba7b0d5e8bd98bcaad92a,"GIF image data, version 89a, 772 x 470",image/gif,https://opcloud-sandbox.web.app/assets/gifs/remove_time_duration.gif
assets/gifs/set_time_duration.gif,graphic_asset,gif,785849,c498bf5fbf33223998b6c65b6fbb3ba7e98000cab56135654abc8d4c29802a68,"GIF image data, version 89a, 930 x 654",image/gif,https://opcloud-sandbox.web.app/assets/gifs/set_time_duration.gif
assets/gifs/set_units.gif,graphic_asset,gif,1007106,98f7be1544646efe934f37cca70c15083f5a027a8f80fa2d3e8e183941fc2218,"GIF image data, version 87a, 1026 x 662",image/gif,https://opcloud-sandbox.web.app/assets/gifs/set_units.gif
assets/gifs/state_set_time_duration.gif,graphic_asset,gif,1068982,69312e727df48b96c5f8e7d93b9caed925271c8b5f4f63fc5653490c01954d18,"GIF image data, version 87a, 1040 x 782",image/gif,https://opcloud-sandbox.web.app/assets/gifs/state_set_time_duration.gif
assets/gifs/suppress_single_state.gif,graphic_asset,gif,392021,b0aa62e611668d1a2a92880de8a9360e3cb4c21aa2a032f5be15516ff0d4cddd,"GIF image data, version 89a, 994 x 552",image/gif,https://opcloud-sandbox.web.app/assets/gifs/suppress_single_state.gif
assets/gifs/suppress_states.gif,graphic_asset,gif,317543,884517c0ce24af9e797d05c3989936e9b1fe10df579fad69605efc9ee8d35259,"GIF image data, version 87a, 1192 x 678",image/gif,https://opcloud-sandbox.web.app/assets/gifs/suppress_states.gif
assets/gifs/thing_autoresize.gif,graphic_asset,gif,387928,27b4e806768691c4ffb2503717437fd2eb7db53b097d53dc0a9eb819b24e8943,"GIF image data, version 89a, 1118 x 578",image/gif,https://opcloud-sandbox.web.app/assets/gifs/thing_autoresize.gif
assets/gifs/thing_inzooming.gif,graphic_asset,gif,850289,a233e9116851876d0f267d8c5f62141eb466d90b0eded4b7d4df9cd8a78b24df,"GIF image data, version 87a, 1264 x 1028",image/gif,https://opcloud-sandbox.web.app/assets/gifs/thing_inzooming.gif
assets/gifs/thing_tree_view.gif,graphic_asset,gif,566048,9a2996d8fdf46a90062a78221d891b4ced781b59ddf0b802f9fcb3ccbfd0be62,"GIF image data, version 89a, 1074 x 738",image/gif,https://opcloud-sandbox.web.app/assets/gifs/thing_tree_view.gif
assets/gifs/toggle_mark_things.gif,graphic_asset,gif,1799761,97276e826370ba1328dc57507bd51b53f865435518514f8f388ef1662f07d9a5,"GIF image data, version 87a, 1056 x 1080",image/gif,https://opcloud-sandbox.web.app/assets/gifs/toggle_mark_things.gif
assets/gifs/toggle_navigator.gif,graphic_asset,gif,244905,982d5149c19f511d286229601be8603f5a3a0c894861b96832dd4c5194d2f972,"GIF image data, version 87a, 934 x 602",image/gif,https://opcloud-sandbox.web.app/assets/gifs/toggle_navigator.gif
assets/gifs/toggle_notes.gif,graphic_asset,gif,2121834,eeab04d872834405c2c2d3b2df73376747b44a67e6b35f75b92ddee1ff3e8e5f,"GIF image data, version 87a, 1280 x 720",image/gif,https://opcloud-sandbox.web.app/assets/gifs/toggle_notes.gif
assets/gifs/toggle_range_type.gif,graphic_asset,gif,447123,6b3c24489ed46389919a52a75d9a241cb78e41076a656efd72b7dd42240fd588,"GIF image data, version 89a, 1280 x 720",image/gif,https://opcloud-sandbox.web.app/assets/gifs/toggle_range_type.gif
assets/gifs/toggle_requirement.gif,graphic_asset,gif,414121,e866ce4a72943bf5f672d5986945361e3dd896ccbdf37b26d466469e21ee512b,"GIF image data, version 87a, 1280 x 720",image/gif,https://opcloud-sandbox.web.app/assets/gifs/toggle_requirement.gif
assets/gifs/toggle_single_requirement.gif,graphic_asset,gif,813998,eb2ec47a197a69556b2fff033fd5f63c537044bd1f56e1f5e9db700ff217c0e4,"GIF image data, version 89a, 1280 x 720",image/gif,https://opcloud-sandbox.web.app/assets/gifs/toggle_single_requirement.gif
assets/gifs/unfolding.gif,graphic_asset,gif,1133313,8fdd2086fe93ff489d65fe2071114b2ed15aeca1f80aea454f51b5c6f53dea37,"GIF image data, version 87a, 1226 x 802",image/gif,https://opcloud-sandbox.web.app/assets/gifs/unfolding.gif
assets/gifs/update_computation.gif,graphic_asset,gif,416506,76797eb3df442b283583b967ef02dc463fe02b74d6256bf7fa72b7d16c4a842a,"GIF image data, version 87a, 712 x 346",image/gif,https://opcloud-sandbox.web.app/assets/gifs/update_computation.gif
assets/icons/2fcrYFNaTjcS6g4U3t-Y5UEw0lE80llgEseQY3FEmqw.woff2,font_asset,woff2,47576,7b5115124509aca2daff5b9a56bca15000a2a2823b38a299ac1f8e054b8fb4f9,,font/woff2,https://opcloud-sandbox.web.app/assets/icons/2fcrYFNaTjcS6g4U3t-Y5UEw0lE80llgEseQY3FEmqw.woff2
assets/icons/OPM_Links/Agents.png,graphic_asset,png,832,00ed19a0ca9eb4d6b6f547013212daacc037eb647b15718f5ec92fbd75d1c3fa,"PNG image data, 77 x 78, 8-bit/color RGBA, non-interlaced",image/png,https://opcloud-sandbox.web.app/assets/icons/OPM_Links/Agents.png
assets/icons/OPM_Links/Consumptions.png,graphic_asset,png,1182,b1fa3203197484753a3219aab61055ab5d3448b10ae391957ca190a9cc36f970,"PNG image data, 77 x 78, 8-bit/color RGBA, non-interlaced",image/png,https://opcloud-sandbox.web.app/assets/icons/OPM_Links/Consumptions.png
assets/icons/OPM_Links/Effects.png,graphic_asset,png,1412,0e14324c47c2c7e1ec88162e08a10e62b8397526eecb465f9893e9458b8b3f86,"PNG image data, 77 x 78, 8-bit/color RGBA, non-interlaced",image/png,https://opcloud-sandbox.web.app/assets/icons/OPM_Links/Effects.png
assets/icons/OPM_Links/Instruments.png,graphic_asset,png,861,1754c4c50c3493cb8e97fe34d2cf616bf516fce91540fcb4958815c2fe54e99a,"PNG image data, 77 x 78, 8-bit/color RGBA, non-interlaced",image/png,https://opcloud-sandbox.web.app/assets/icons/OPM_Links/Instruments.png
assets/icons/OPM_Links/Structrial.png,graphic_asset,png,2246,585f10f7f031a9b7756fecdb4eb9049b4f3984131b29660eceb8ec20e6198a07,"PNG image data, 78 x 156, 8-bit/color RGBA, non-interlaced",image/png,https://opcloud-sandbox.web.app/assets/icons/OPM_Links/Structrial.png
assets/icons/essenceAffil/AffilObject.JPG,graphic_asset,jpg,6308,bde86a81623cec90440e24c37b465cbbaa655142d60485922eb61b484f7bfbd2,"JPEG image data, JFIF standard 1.01, resolution (DPI), density 144x144, segment length 16, baseline, precision 8, 301x56, components 3",image/jpeg,https://opcloud-sandbox.web.app/assets/icons/essenceAffil/AffilObject.JPG
assets/icons/essenceAffil/AffilProcess.JPG,graphic_asset,jpg,8385,ca5479bcc811c155c5b7135357dc57cf63502e7a8e4f1f55afc66a877f9db3c0,"JPEG image data, JFIF standard 1.01, resolution (DPI), density 144x144, segment length 16, baseline, precision 8, 306x64, components 3",image/jpeg,https://opcloud-sandbox.web.app/assets/icons/essenceAffil/AffilProcess.JPG
assets/icons/essenceAffil/EssObject.JPG,graphic_asset,jpg,6281,1b1bac57131085e63d33443f3461606ecaadae352329ff7cb8f0bbae05d59c0a,"JPEG image data, JFIF standard 1.01, resolution (DPI), density 144x144, segment length 16, baseline, precision 8, 311x66, components 3",image/jpeg,https://opcloud-sandbox.web.app/assets/icons/essenceAffil/EssObject.JPG
assets/icons/essenceAffil/EssProcess.jpg,graphic_asset,jpg,8825,6933d5f6e9255beab1c779ee5cabb79e5d25291a2e00884a24197254e414f3b2,"JPEG image data, JFIF standard 1.01, resolution (DPI), density 144x144, segment length 16, baseline, precision 8, 310x76, components 3",image/jpeg,https://opcloud-sandbox.web.app/assets/icons/essenceAffil/EssProcess.jpg
assets/icons/expand_more-24px.svg,graphic_asset,svg,182,fe0ef658114738f046347758fc2f00dddd7e98fadc930048e34675d9153472ac,viewBox 0 0 24 24,image/svg+xml,https://opcloud-sandbox.web.app/assets/icons/expand_more-24px.svg
assets/icons/key-icon.png,graphic_asset,png,190,a6f5736757207fcba11b22a8914ca9b5b8d5f933ab091ce1e4d0551739f2a208,"PNG image data, 18 x 18, 8-bit gray+alpha, non-interlaced",image/png,https://opcloud-sandbox.web.app/assets/icons/key-icon.png
assets/icons/pin.png,graphic_asset,png,237610,2b3da9d3cd7f244e795ebeaa9d0c3a007fa76b169e71dda8450a30b8bb537a57,"PNG image data, 728 x 728, 8-bit/color RGBA, non-interlaced",image/png,https://opcloud-sandbox.web.app/assets/icons/pin.png
assets/icons/select_arrow.png,graphic_asset,png,236,440bfee4878ba8b2271ee292827b59d2f794a7c5e14d26323b3515edf050c08b,"PNG image data, 9 x 5, 8-bit/color RGBA, non-interlaced",image/png,https://opcloud-sandbox.web.app/assets/icons/select_arrow.png
assets/icons/token-icon.png,graphic_asset,png,165,9f0ae4d5380001f540e3bacad2b26e4be822481d311b7a73fa3bfec29e9f52bf,"PNG image data, 18 x 18, 8-bit gray+alpha, non-interlaced",image/png,https://opcloud-sandbox.web.app/assets/icons/token-icon.png
assets/icons/toolbar-icons-dark.woff,font_asset,woff,3532,2c45bbb30bc4cdce1ba4c84f631571fdd64213b09519948e32d41fc56e54091f,,font/woff,https://opcloud-sandbox.web.app/assets/icons/toolbar-icons-dark.woff
assets/icons/toolbar-icons-material.png,graphic_asset,png,4247,7448afb175d4f46ea0939adf661da3b2e2df7983ad5f348de8d25e3ca56c78b4,"PNG image data, 128 x 138, 8-bit/color RGBA, non-interlaced",image/png,https://opcloud-sandbox.web.app/assets/icons/toolbar-icons-material.png
assets/icons/toolbar-icons-modern.png,graphic_asset,png,11794,cfa6e9c7b56398fd569bea25266786246de5e576a599c3eb993ea2b0eb285969,"PNG image data, 62 x 279, 8-bit/color RGBA, non-interlaced",image/png,https://opcloud-sandbox.web.app/assets/icons/toolbar-icons-modern.png
favicon_new.ico,graphic_asset,ico,11758,995046f97188c8ef6cec4657bf40b6f89dd732eab4cde999877634946e4d531c,"MS Windows icon resource - 1 icon, 65x43, 32 bits/pixel",image/x-icon,https://opcloud-sandbox.web.app/favicon_new.ico
logo.png,asset_reference_fallback,png,54181,96c4b685636d2af7127284150a523f8f8435c037042e8af89c3adfccfd3a8b12,"HTML document text, ASCII text, with very long lines (48780), with CRLF line terminators",text/html; charset=utf-8,https://opcloud-sandbox.web.app/logo.png
select_arrow.a4ed714c584e5393.png,graphic_asset,png,236,440bfee4878ba8b2271ee292827b59d2f794a7c5e14d26323b3515edf050c08b,"PNG image data, 9 x 5, 8-bit/color RGBA, non-interlaced",image/png,https://opcloud-sandbox.web.app/select_arrow.a4ed714c584e5393.png
